name,slug,address,source,siret,phone,email,website,google_maps_url,google_rating,google_review_count,gbp_link,opening_hours,network_affiliation,agents_names,has_blog,site_quality,is_mobile_friendly,gbp_photo_count,gbp_last_photo_date,gbp_has_posts,gbp_category,screenshot_path,enrichment_status
Foncia Transaction France,foncia-transaction-france-00383,24 RUE DU MOULIN DES PRES 75013 PARIS,"sirene,google_maps",50369866400383,"
01 59 30 36 27",,https://fr.foncia.com/agence-immobiliere/paris-75013/agence-immobiliere/foncia-transaction-paris-buttes-aux-cailles-2071,https://www.google.com/maps/place/FONCIA+%7C+Agence+Immobili%C3%A8re+%7C+Achat-Vente+%7C+Paris+13%C3%A8me%7C+Rue+du+Moulin+des+Pr%C3%A9s/data=!4m7!3m6!1s0x47e67191d2a03ee5:0x1988676c11605b49!8m2!3d48.82845!4d2.3528!16s%2Fg%2F1thx_36p!19sChIJ5T6g0pFx5kcRSVtgEWxniBk?authuser=0&hl=fr&rclk=1,,,,"{""Fermé · Ouvre à 14"": ""00""}",Foncia,,,,,,,,,,scraped
Foncia Transaction France,foncia-transaction-france-00391,38-40 38 AVENUE DES GOBELINS 75013 PARIS,sirene,50369866400391,,,,,,,,,Foncia,,,,,,,,,,scraped
Promotion Pichet (pichet),promotion-pichet-pichet-00643,7 RUE GERDA TARO 75013 PARIS,sirene,41523551400643,,,,,,,,,indépendant,,,,,,,,,,scraped
Pluri-publi,pluri-publi-00315,189 RUE DE TOLBIAC 75013 PARIS,sirene,30220417700315,,,,,,,,,indépendant,,,,,,,,,,scraped
Julien Bidaud,julien-bidaud-00079,CHEZ M ET MME DOUSSAN MAIRLOT 85 RUE DE TOLBIAC 75013 PARIS,sirene,87843703700079,,,,,,,,,indépendant,,,,,,,,,,scraped
Leader Immo Web 888 (limw888),leader-immo-web-888-limw888-00011,8 AVENUE DE CHOISY 75013 PARIS,sirene,89784486600011,,,,,,,,,indépendant,,,,,,,,,,scraped
Leader Immo Web 888 (limw888),leader-immo-web-888-limw888-00037,164 BOULEVARD MASSENA 75013 PARIS,sirene,89784486600037,,,,,,,,,indépendant,,,,,,,,,,scraped
Leader Immo Web 888 (limw888),leader-immo-web-888-limw888-00045,7 RUE AUMONT 75013 PARIS,sirene,89784486600045,,,,,,,,,indépendant,,,,,,,,,,scraped
Leader Immo Web 888 (limw888),leader-immo-web-888-limw888-00052,CTRE CIAL MASSENA LOCAL 27 13 PLACE DE VENETIE 75013 PARIS,sirene,89784486600052,,,,,,,,,indépendant,,,,,,,,,,scraped
Corvisart,corvisart-00038,29 BOULEVARD AUGUSTE BLANQUI 75013 PARIS,"sirene,google_maps",44316030400038,"
01 45 88 86 86",,https://www.orpi.com/corvisart/?utm_source=gmb&utm_medium=organic&utm_campaign=gmb_paris%2013eme%20arrondissement&utm_content=corvisart,https://www.google.com/maps/place/Orpi+Immobilier+Corvisart+Paris+13eme/data=!4m7!3m6!1s0x47e67191ee896905:0xa1637db7b8cbc1ea!8m2!3d48.8300921!4d2.3525744!16s%2Fg%2F1thggbh2!19sChIJBWmJ7pFx5kcR6sHLuLd9Y6E?authuser=0&hl=fr&rclk=1,,,,"{""Ouvert · Ferme à 19"": ""00""}",indépendant,,,,,,,,,,scraped
Bellissimo,bellissimo-00061,44 AVENUE DES GOBELINS 75013 PARIS,sirene,44316030400061,,,,,,,,,indépendant,,,,,,,,,,scraped
Bpce Solutions Immobilieres,bpce-solutions-immobilieres-00089,7 PRO GERMAINE SABLON 75013 PARIS 13,sirene,40524449200089,,,,,,,,,indépendant,,,,,,,,,,scraped
Valerie Fayolle,valerie-fayolle-00024,STUDEA RIVE GAUCHE 43 AVENUE D'ITALIE 75013 PARIS,sirene,43815554100024,,,,,,,,,indépendant,,,,,,,,,,scraped
Orpi,orpi-00035,79 RUE BOBILLOT 75013 PARIS,sirene,45112228700035,,,,,,,,,Orpi,,,,,,,,,,scraped
Daniel Grosberg,daniel-grosberg-00029,136 AVENUE D'ITALIE 75013 PARIS,sirene,48746679900029,,,,,,,,,indépendant,,,,,,,,,,scraped
Cabinet Imocom Paris,cabinet-imocom-paris-00018,64 RUE DE PATAY 75013 PARIS,sirene,43395259500018,,,,,,,,,indépendant,,,,,,,,,,scraped
Amine Bouab,amine-bouab-00022,140 BOULEVARD MASSENA 75013 PARIS,sirene,50933354800022,,,,,,,,,indépendant,,,,,,,,,,scraped
Century 21 Arago,century-21-arago-00021,39 BOULEVARD ARAGO 75013 PARIS,"sirene,google_maps",52484787800021,"
01 73 77 18 40",,https://www.century21-gobelins-paris-13.com/?utm_source=google_business&utm_medium=bouton_fiche_agence&utm_campaign=century-21-arago-les-gobelins,https://www.google.com/maps/place/CENTURY+21+Arago+Les+Gobelins/data=!4m7!3m6!1s0x47e67194b854ef3b:0x404e4779bedfbdbe!8m2!3d48.8351465!4d2.3474344!16s%2Fg%2F1tj1lv33!19sChIJO-9UuJRx5kcRvr3fvnlHTkA?authuser=0&hl=fr&rclk=1,,,,"{""Ouvert · Ferme à 19"": ""30""}",Century 21,,,,,,,,,,scraped
Cbhf,cbhf-00039,44 AVENUE DES GOBELINS 75013 PARIS,sirene,52484787800039,,,,,,,,,indépendant,,,,,,,,,,scraped
Martine Matal (merlin),martine-matal-merlin-00028,5 VILLA DES GOBELINS 75013 PARIS,sirene,79448372700028,,,,,,,,,indépendant,,,,,,,,,,scraped
Leader Immobilier (lim),leader-immobilier-lim-00024,164 BOULEVARD MASSENA 75013 PARIS,sirene,39838631800024,,,,,,,,,indépendant,,,,,,,,,,scraped
Leader Immobilier (lim),leader-immobilier-lim-00032,7 RUE AUMONT 75013 PARIS,sirene,39838631800032,,,,,,,,,indépendant,,,,,,,,,,scraped
Thai France Sarl,thai-france-sarl-00015,9 RUE PHILIBERT LUCOT 75013 PARIS,sirene,41129115600015,,,,,,,,,indépendant,,,,,,,,,,scraped
Thai France Sarl,thai-france-sarl-00023,101 AVENUE DE CHOISY 75013 PARIS,sirene,41129115600023,,,,,,,,,indépendant,,,,,,,,,,scraped
Immobiliere Paris V Sarl,immobiliere-paris-v-sarl-00029,13 BOULEVARD ARAGO 75013 PARIS,sirene,31181072500029,,,,,,,,,indépendant,,,,,,,,,,scraped
Actarus,actarus-00042,10 VILLA DES GOBELINS 75013 PARIS,sirene,87748306500042,,,,,,,,,indépendant,,,,,,,,,,scraped
Futur Transactions,futur-transactions-00041,99 BOULEVARD AUGUSTE BLANQUI 75013 PARIS,sirene,48211010300041,,,,,,,,,indépendant,,,,,,,,,,scraped
Rene Legal Consultants,rene-legal-consultants-00066,99 BOULEVARD AUGUSTE BLANQUI 75013 PARIS,sirene,48211010300066,,,,,,,,,indépendant,,,,,,,,,,scraped
Yannick Martin,yannick-martin-00022,89 RUE DE TOLBIAC 75013 PARIS,sirene,52080191100022,,,,,,,,,indépendant,,,,,,,,,,scraped
W.i.p. Sas (wip Immo - Wip Courtage),w-i-p-sas-wip-immo-wip-courtage-00022,4 RUE DU MOULIN DES PRES 75013 PARIS,sirene,53053779400022,,,,,,,,,indépendant,,,,,,,,,,scraped
Societe Immobiliere Paris Sud,societe-immobiliere-paris-sud-00066,66 AVENUE D'IVRY 75013 PARIS,sirene,61204287900066,,,,,,,,,indépendant,,,,,,,,,,scraped
Smpl France,smpl-france-00029,110 RUE DE PATAY 75013 PARIS,sirene,88493231000029,,,,,,,,,indépendant,,,,,,,,,,scraped
Camille Bakri,camille-bakri-00033,22 RUE BARRAULT 75013 PARIS,sirene,89062756500033,,,,,,,,,indépendant,,,,,,,,,,scraped
Md Immo Invest,md-immo-invest-00033,198 AVENUE DE FRANCE 75013 PARIS,sirene,83784210300033,,,,,,,,,indépendant,,,,,,,,,,scraped
Lima,lima-00026,67 AVENUE DES GOBELINS 75013 PARIS,sirene,83784412500026,,,,,,,,,indépendant,,,,,,,,,,scraped
Xiaying Fu,xiaying-fu-00014,2 PLACE AURELIE NEMOURS 75013 PARIS,sirene,85297582000014,,,,,,,,,indépendant,,,,,,,,,,scraped
Zanzi et Bonafos,zanzi-et-bonafos-00024,14 RUE HENRI PAPE 75013 PARIS,sirene,69562163100024,,,,,,,,,indépendant,,,,,,,,,,scraped
Avenue Michelet Holding (avh),avenue-michelet-holding-avh-00031,19 AVENUE D'ITALIE 75013 PARIS,sirene,78940087600031,,,,,,,,,indépendant,,,,,,,,,,scraped
Delange Gobelins,delange-gobelins-00027,54 AVENUE DES GOBELINS 75013 PARIS,"sirene,google_maps",91848499900027,"
01 76 41 06 65",,https://www.delangeimmobilier.com/,https://www.google.com/maps/place/Delange+Immobilier+-+Gobelins+Paris+13/data=!4m7!3m6!1s0x47e67192840a3f1d:0x795aa37ccd1405b!8m2!3d48.8337786!4d2.3536403!16s%2Fg%2F11gbldwz4l!19sChIJHT8KhJJx5kcRW0DRzDeqlQc?authuser=0&hl=fr&rclk=1,,,,"{""Ouvert · Ferme à 19"": ""30""}",indépendant,,,,,,,,,,scraped
Avelys Conseil & Patrimoine,avelys-conseil-patrimoine-00029,69 RUE DE CROULEBARBE 75013 PARIS,sirene,83335500100029,,,,,,,,,indépendant,,,,,,,,,,scraped
Florian Dassonville,florian-dassonville-00056,6 VILLA NIEUPORT 75013 PARIS,sirene,83395173400056,,,,,,,,,indépendant,,,,,,,,,,scraped
Lutece Immobilier,lutece-immobilier-00031,241 RUE DE TOLBIAC 75013 PARIS,sirene,43500135900031,,,,,,,,,indépendant,,,,,,,,,,scraped
Lutece Immobilier,lutece-immobilier-00049,165 RUE DE TOLBIAC 75013 PARIS,"sirene,google_maps",43500135900049,"
01 48 00 00 21",,https://immoside.fr/,https://www.google.com/maps/place/Century+21+Lut%C3%A8ce+Immobilier/data=!4m7!3m6!1s0x47e6718ff5a7c00b:0x3c54031cf979be51!8m2!3d48.8259379!4d2.3544099!16s%2Fg%2F11j8lmmjsw!19sChIJC8Cn9Y9x5kcRUb55-RwDVDw?authuser=0&hl=fr&rclk=1,,,,"{""Ouvert · Ferme à 19"": ""00""}",indépendant,,,,,,,,,,scraped
Jinglong Huang (zhao),jinglong-huang-zhao-00016,15 RUE SIMONE WEIL 75013 PARIS,sirene,82025435700016,,,,,,,,,indépendant,,,,,,,,,,scraped
Jinglong Huang (zhao),jinglong-huang-zhao-00024,11 RUE SIMONE WEIL 75013 PARIS,sirene,82025435700024,,,,,,,,,indépendant,,,,,,,,,,scraped
Sabine Beysson (bonneil) ([nd]),sabine-beysson-bonneil-nd-00035,18 RUE CORVISART 75013 PARIS,sirene,84761103500035,,,,,,,,,indépendant,,,,,,,,,,scraped
Era Agence Vendo,era-agence-vendo-00021,22 RUE BOBILLOT 75013 PARIS,"sirene,google_maps",84253929800021,"
01 42 46 44 51",,https://www.erafrance.com/agence-immobiliere-paris-13-250,https://www.google.com/maps/place/ERA+VENDO+PARIS+13+AGENCE+IMMOBILERE/data=!4m7!3m6!1s0x47e671719159618f:0x179702d9eed24b43!8m2!3d48.8292675!4d2.3534163!16s%2Fg%2F11h6xhfsmz!19sChIJj2FZkXFx5kcRQ0vS7tkClxc?authuser=0&hl=fr&rclk=1,,,,"{""Ouvert · Ferme à 19"": ""30""}",indépendant,,,,,,,,,,scraped
Frederic Engel,frederic-engel-00015,23 BOULEVARD DE PORT-ROYAL 75013 PARIS,sirene,84280769500015,,,,,,,,,indépendant,,,,,,,,,,scraped
Frederic Engel,frederic-engel-00023,23 BOULEVARD DE PORT-ROYAL 75013 PARIS,sirene,84280769500023,,,,,,,,,indépendant,,,,,,,,,,scraped
Aliance Developpement 1%,aliance-developpement-1-00108,19-21 19 QUAI D'AUSTERLITZ 75013 PARIS,sirene,39808410300108,,,,,,,,,indépendant,,,,,,,,,,scraped
Nancel de Laforcade,nancel-de-laforcade-00036,10 BOULEVARD ARAGO 75013 PARIS,sirene,42117803900036,,,,,,,,,indépendant,,,,,,,,,,scraped
Sebastien Fournier,sebastien-fournier-00038,21 RUE DU MOULIN DES PRES 75013 PARIS,sirene,41947285700038,,,,,,,,,indépendant,,,,,,,,,,scraped
Sebastien Fournier,sebastien-fournier-00046,23 RUE DU MOULIN DES PRES 75013 PARIS,sirene,41947285700046,,,,,,,,,indépendant,,,,,,,,,,scraped
Mim,mim-00024,63 BOULEVARD MASSENA 75013 PARIS,sirene,88945362700024,,,,,,,,,indépendant,,,,,,,,,,scraped
Hong Sear Taing,hong-sear-taing-00021,BAT 32 185 BOULEVARD VINCENT AURIOL 75013 PARIS,sirene,89205079000021,,,,,,,,,indépendant,,,,,,,,,,scraped
Bpce Expertises Immobilieres,bpce-expertises-immobilieres-00072,7 PRO GERMAINE SABLON 75013 PARIS 13,sirene,78827680600072,,,,,,,,,indépendant,,,,,,,,,,scraped
Nhu-nghia Trinh,nhu-nghia-trinh-00021,140 AU 144 140 BOULEVARD MASSENA 75013 PARIS,sirene,75179877800021,,,,,,,,,indépendant,,,,,,,,,,scraped
Cabinet Verrey,cabinet-verrey-00018,67 RUE BOBILLOT 75013 PARIS,"sirene,google_maps",51753027500018,"
01 44 16 81 71",,http://www.cabinet-verrey.com/,https://www.google.com/maps/place/Cabinet+Verrey/data=!4m7!3m6!1s0x47e6718eaaaaaaab:0x58f4f48eec2dd758!8m2!3d48.8265461!4d2.3514437!16s%2Fg%2F1v9gtscd!19sChIJq6qqqo5x5kcRWNct7I709Fg?authuser=0&hl=fr&rclk=1,,,,"{""Ouvert · Ferme à 17"": ""00""}",indépendant,,,,,,,,,,scraped
Sylvain Cosse,sylvain-cosse-00036,99 RUE BOBILLOT 75013 PARIS,sirene,51803278400036,,,,,,,,,indépendant,,,,,,,,,,scraped
Christelle Corbillon,christelle-corbillon-00025,131 AVENUE DE CHOISY 75013 PARIS,sirene,52812212000025,,,,,,,,,indépendant,,,,,,,,,,scraped
Edwige Cambon Jurss (cambon),edwige-cambon-jurss-cambon-00042,LOT 27 6EME ETAGE FOND GAUCHE 33 RUE DE TOLBIAC 75013 PARIS,sirene,48466573200042,,,,,,,,,indépendant,,,,,,,,,,scraped
Immo Express,immo-express-00021,128 RUE DU CHEVALERET 75013 PARIS,sirene,44520765700021,,,,,,,,,indépendant,,,,,,,,,,scraped
Pinel Immobilier,pinel-immobilier-00017,11 PLACE PINEL 75013 PARIS,sirene,43242083400017,,,,,,,,,indépendant,,,,,,,,,,scraped
Etp Immo,etp-immo-00022,38 RUE DUNOIS 75013 PARIS,sirene,48171178600022,,,,,,,,,indépendant,,,,,,,,,,scraped
Bien Vendu,bien-vendu-00052,151 RUE DU CHEVALERET 75013 PARIS,sirene,47932024400052,,,,,,,,,indépendant,,,,,,,,,,scraped
Cb 2 I,cb-2-i-00036,3 RUE MICHEL PETER 75013 PARIS,sirene,47946300200036,,,,,,,,,indépendant,,,,,,,,,,scraped
Erce,erce-00015,53 B BOULEVARD ARAGO 75013 PARIS,sirene,34954841200015,,,,,,,,,indépendant,,,,,,,,,,scraped
Syndic Copro 43 Avenue D'italie,syndic-copro-43-avenue-d-italie-00012,43 AVENUE D'ITALIE 75013 PARIS,sirene,42171171400012,,,,,,,,,indépendant,,,,,,,,,,scraped
Co & Co,co-co-00017,53 BOULEVARD SAINT-MARCEL 75013 PARIS,sirene,50175936900017,,,,,,,,,indépendant,,,,,,,,,,scraped
Iryani Phin,iryani-phin-00017,CABINET DIRECT GESTION 105 B RUE DE TOLBIAC 75013 PARIS 13,sirene,51858805800017,,,,,,,,,indépendant,,,,,,,,,,scraped
Legitimmo,legitimmo-00024,85 BOULEVARD DE PORT-ROYAL 75013 PARIS,sirene,51937524000024,,,,,,,,,indépendant,,,,,,,,,,scraped
Jose Pereira Fernandes,jose-pereira-fernandes-00038,7 RUE NICOLAS RORET 75013 PARIS,sirene,51451431400038,,,,,,,,,indépendant,,,,,,,,,,scraped
Coach My Home,coach-my-home-00057,19 AVENUE D'ITALIE 75013 PARIS,sirene,50885560800057,,,,,,,,,indépendant,,,,,,,,,,scraped
Christophe Barbaud,christophe-barbaud-00010,25 BOULEVARD ARAGO 75013 PARIS,sirene,51072045100010,,,,,,,,,indépendant,,,,,,,,,,scraped
Hadsil,hadsil-00032,3 RUE XAINTRAILLES 75013 PARIS,sirene,48418268800032,,,,,,,,,indépendant,,,,,,,,,,scraped
Alefa,alefa-00016,189 RUE DE TOLBIAC 75013 PARIS,sirene,49784144500016,,,,,,,,,indépendant,,,,,,,,,,scraped
Cie Financiere et Immobiliere de la Vallee de Germigny Cofivag (cofivag),cie-financiere-et-immobiliere-de-la-vallee-de-germigny-cofivag-cofivag-00023,41 RUE BARRAULT 75013 PARIS,sirene,37976532400023,,,,,,,,,indépendant,,,,,,,,,,scraped
Dalien,dalien-00020,CHEZ M. BOISSEAU JEAN-LOUIS 25 BOULEVARD ARAGO 75013 PARIS,sirene,35320406800020,,,,,,,,,indépendant,,,,,,,,,,scraped
Novae,novae-00012,34 RUE DE TOLBIAC 75013 PARIS,sirene,51475199900012,,,,,,,,,indépendant,,,,,,,,,,scraped
Option 13,option-13-00018,56 RUE JENNER 75013 PARIS,"sirene,google_maps",79877496400018,"
01 82 83 81 61",,http://www.option13.fr/,https://www.google.com/maps/place/Option+13/data=!4m7!3m6!1s0x47e671f4a899f4a9:0x59e73f974167064a!8m2!3d48.8364641!4d2.3599637!16s%2Fg%2F11btlq1vbz!19sChIJqfSZqPRx5kcRSgZnQZc_51k?authuser=0&hl=fr&rclk=1,,,,,indépendant,,,,,,,,,,scraped
Chrystel Guertner,chrystel-guertner-00017,BAT E5 83 RUE DE L'AMIRAL MOUCHEZ 75013 PARIS,sirene,79470175500017,,,,,,,,,indépendant,,,,,,,,,,scraped
Immo 100,immo-100-00010,8 RUE DES FRIGOS 75013 PARIS,sirene,79520755400010,,,,,,,,,indépendant,,,,,,,,,,scraped
Sci Audray Cottenceau,sci-audray-cottenceau-00012,139 RUE DE TOLBIAC 75013 PARIS,sirene,35221651900012,,,,,,,,,indépendant,,,,,,,,,,scraped
Societe Civile les Gerbeaux,societe-civile-les-gerbeaux-00019,74 RUE DUNOIS 75013 PARIS,sirene,38221340300019,,,,,,,,,indépendant,,,,,,,,,,scraped
Katia Behm,katia-behm-00010,28 RUE BRILLAT-SAVARIN 75013 PARIS,sirene,38245315700010,,,,,,,,,indépendant,,,,,,,,,,scraped
Lafay,lafay-00021,14 VILLA D'ESTE 75013 PARIS,sirene,42146613700021,,,,,,,,,indépendant,,,,,,,,,,scraped
Anne Dutreix,anne-dutreix-00012,36 RUE DE CAMPO-FORMIO 75013 PARIS,sirene,41404895900012,,,,,,,,,indépendant,,,,,,,,,,scraped
Louis Memran,louis-memran-00012,1 B PASSAGE BOURGOIN 75013 PARIS,sirene,41149476800012,,,,,,,,,indépendant,,,,,,,,,,scraped
Directgestion,directgestion-00048,105 B RUE DE TOLBIAC 75013 PARIS 13,sirene,41770779100048,,,,,,,,,indépendant,,,,,,,,,,scraped
Sunfa,sunfa-00013,56 AVENUE D'IVRY 75013 PARIS,sirene,43942896200013,,,,,,,,,indépendant,,,,,,,,,,scraped
Sci Donia,sci-donia-00014,3 AVENUE JOSEPH BEDIER 75013 PARIS,sirene,43961412400014,,,,,,,,,indépendant,,,,,,,,,,scraped
Sci Haca,sci-haca-00045,47 RUE DUNOIS 75013 PARIS,sirene,35337188300045,,,,,,,,,indépendant,,,,,,,,,,scraped
Isambert Espace Arago,isambert-espace-arago-00014,42 BOULEVARD ARAGO 75013 PARIS,sirene,34922435200014,,,,,,,,,indépendant,,,,,,,,,,scraped
Sci la Valserine,sci-la-valserine-00033,LOT 45 59 AVENUE DES GOBELINS 75013 PARIS,sirene,33125876400033,,,,,,,,,indépendant,,,,,,,,,,scraped
Soc Civile Rousseau,soc-civile-rousseau-00014,5 RUE JULES BRETON 75013 PARIS,sirene,33208834300014,,,,,,,,,indépendant,,,,,,,,,,scraped
Cafada,cafada-00020,63 AVENUE DES GOBELINS 75013 PARIS,sirene,32792094800020,,,,,,,,,indépendant,,,,,,,,,,scraped
Jean-luc Fosse,jean-luc-fosse-00038,86 RUE BRILLAT-SAVARIN 75013 PARIS,sirene,32795855900038,,,,,,,,,indépendant,,,,,,,,,,scraped
Jachrigi,jachrigi-00011,38 RUE DES CORDELIERES 75013 PARIS,sirene,33043202200011,,,,,,,,,indépendant,,,,,,,,,,scraped
Paradou Investissements,paradou-investissements-00029,48 RUE SAMSON 75013 PARIS,sirene,37886025800029,,,,,,,,,indépendant,,,,,,,,,,scraped
Soc Mega,soc-mega-00014,121 AVENUE D'ITALIE 75013 PARIS,sirene,33285595600014,,,,,,,,,indépendant,,,,,,,,,,scraped
Gepod,gepod-00015,4 RUE DU DOCTEUR LERAY 75013 PARIS,sirene,31203358200015,,,,,,,,,indépendant,,,,,,,,,,scraped
Djvm,djvm-00010,79 RUE DE LA SANTE 75013 PARIS,sirene,82398547800010,,,,,,,,,indépendant,,,,,,,,,,scraped
Residys,residys-00039,43 AVENUE PIERRE MENDES FRANCE 75013 PARIS,sirene,82494828500039,,,,,,,,,indépendant,,,,,,,,,,scraped
Svps,svps-00034,FLAMEL PARTICIPATIONS DEVELOPPEMENT 1 BOULEVARD ARAGO 75013 PARIS,sirene,80527045100034,,,,,,,,,indépendant,,,,,,,,,,scraped
J & F Immobilier,j-f-immobilier-00016,68 AVENUE DES GOBELINS 75013 PARIS,sirene,83245316100016,,,,,,,,,indépendant,,,,,,,,,,scraped
Taden Capital,taden-capital-00037,8 RUE JEANNE CHAUVIN 75013 PARIS,sirene,90169519700037,,,,,,,,,indépendant,,,,,,,,,,scraped
Groupe Tl,groupe-tl-00012,103 AVENUE D'ITALIE 75013 PARIS,sirene,89296013900012,,,,,,,,,indépendant,,,,,,,,,,scraped
Sci Th Flat,sci-th-flat-00015,38 RUE DUNOIS 75013 PARIS,sirene,97839214000015,,,,,,,,,indépendant,,,,,,,,,,scraped
Sl,sl-00010,23 RUE BOURGON 75013 PARIS,sirene,48001383800010,,,,,,,,,indépendant,,,,,,,,,,scraped
Paris Montsouris Conseil (pmc S),paris-montsouris-conseil-pmc-s-00015,7 PLACE DE RUNGIS 75013 PARIS,sirene,48231100800015,,,,,,,,,indépendant,,,,,,,,,,scraped
Jean-christophe Meno,jean-christophe-meno-00018,RUE DU COLONEL DOMINE 75013 PARIS,sirene,80154114500018,,,,,,,,,indépendant,,,,,,,,,,scraped
Julien Ottavi,julien-ottavi-00013,34 RUE DE TOLBIAC 75013 PARIS,sirene,81264978800013,,,,,,,,,indépendant,,,,,,,,,,scraped
Jessen,jessen-00011,183-189 183 AVENUE DE CHOISY 75013 PARIS,sirene,81943606400011,,,,,,,,,indépendant,,,,,,,,,,scraped
Saint-jalmes Conseils,saint-jalmes-conseils-00017,56 BOULEVARD DE L'HOPITAL 75013 PARIS,sirene,82043568300017,,,,,,,,,indépendant,,,,,,,,,,scraped
J&j Patrimoine,j-j-patrimoine-00012,83 BOULEVARD AUGUSTE BLANQUI 75013 PARIS,sirene,80996673200012,,,,,,,,,indépendant,,,,,,,,,,scraped
Eliott's Immobilier,eliott-s-immobilier-00024,189 RUE DE TOLBIAC 75013 PARIS,sirene,80857270500024,,,,,,,,,indépendant,,,,,,,,,,scraped
Amstrime,amstrime-00016,18 RUE LE DANTEC 75013 PARIS,sirene,79173933700016,,,,,,,,,indépendant,,,,,,,,,,scraped
Olympiades Gestion,olympiades-gestion-00010,72 RUE DE TOLBIAC 75013 PARIS,"sirene,google_maps",53378212400010,"
01 58 89 21 21",,https://www.century21-olympiades-paris-13.com/?utm_source=google_business&utm_medium=bouton_fiche_agence&utm_campaign=century-21-olympiades-paris-13,https://www.google.com/maps/place/Agence+Immobili%C3%A8re+CENTURY+21+Olympiades+-+Paris+13/data=!4m7!3m6!1s0x47e67227b47f3e09:0xf1bc02da78b4f574!8m2!3d48.8272156!4d2.367208!16s%2Fg%2F1tf23d64!19sChIJCT5_tCdy5kcRdPW0eNoCvPE?authuser=0&hl=fr&rclk=1,,,,"{""Ouvre bientôt · 14"": ""00""}",indépendant,,,,,,,,,,scraped
Krystyna Immobilier,krystyna-immobilier-00015,42 AU 44 42 AVENUE DE LA PORTE D'IVRY 75013 PARIS,sirene,53132636100015,,,,,,,,,indépendant,,,,,,,,,,scraped
Massena Immobilier,massena-immobilier-00024,58 AVENUE DE CHOISY 75013 PARIS,sirene,53230971300024,,,,,,,,,indépendant,,,,,,,,,,scraped
Ljz Immo,ljz-immo-00021,27 AVENUE STEPHEN PICHON 75013 PARIS,sirene,52919128000021,,,,,,,,,indépendant,,,,,,,,,,scraped
Jacques Skowronski,jacques-skowronski-00037,BATIMENT 16 121 RUE JEANNE D'ARC 75013 PARIS,sirene,52968715400037,,,,,,,,,indépendant,,,,,,,,,,scraped
A.h. Consultant Immobilier,a-h-consultant-immobilier-00025,46 RUE DES CORDELIERES 75013 PARIS,sirene,83080928100025,,,,,,,,,indépendant,,,,,,,,,,scraped
Cdc Habitat-administration de Biens,cdc-habitat-administration-de-biens-00026,33 AVENUE PIERRE MENDES FRANCE 75013 PARIS,sirene,82352053100026,,,,,,,,,indépendant,,,,,,,,,,scraped
Anne-sophie Quenel,anne-sophie-quenel-00019,64 RUE CORVISART 75013 PARIS,sirene,82354217000019,,,,,,,,,indépendant,,,,,,,,,,scraped
Adhoc Patrimoine,adhoc-patrimoine-00018,68 RUE DE TOLBIAC 75013 PARIS,sirene,89038471200018,,,,,,,,,indépendant,,,,,,,,,,scraped
Proximit'y Immobilier,proximit-y-immobilier-00020,22 RUE DU DOCTEUR MAGNAN 75013 PARIS,sirene,88243329500020,,,,,,,,,indépendant,,,,,,,,,,scraped
Cote Particuliers,cote-particuliers-00011,47 BOULEVARD SAINT-MARCEL 75013 PARIS,sirene,88314191300011,,,,,,,,,indépendant,,,,,,,,,,scraped
Audrey Yousfi (parseghian),audrey-yousfi-parseghian-00017,CHEZ MADAME PARSEGHIAN 71 RUE DE TOLBIAC 75013 PARIS,sirene,88320237600017,,,,,,,,,indépendant,,,,,,,,,,scraped
Dream Flat Consulting,dream-flat-consulting-00015,41 RUE DU DISQUE 75013 PARIS,sirene,90031831200015,,,,,,,,,indépendant,,,,,,,,,,scraped
Groupe Cdc,groupe-cdc-00010,103 AVENUE D'ITALIE 75013 PARIS,sirene,89317937400010,,,,,,,,,indépendant,,,,,,,,,,scraped
Thayri-louise Immobilier,thayri-louise-immobilier-00019,40 AVENUE D'ITALIE 75013 PARIS,sirene,89418314400019,,,,,,,,,indépendant,,,,,,,,,,scraped
Lb Conseils,lb-conseils-00014,11 RUE JEANNE D'ARC 75013 PARIS,sirene,89448188600014,,,,,,,,,indépendant,,,,,,,,,,scraped
Pantomim,pantomim-00016,29 BOULEVARD AUGUSTE BLANQUI 75013 PARIS,sirene,87826927300016,,,,,,,,,indépendant,,,,,,,,,,scraped
Ml Consulting,ml-consulting-00028,10 RUE RAYMOND ARON 75013 PARIS,sirene,87895595400028,,,,,,,,,indépendant,,,,,,,,,,scraped
Nazim Mansourah,nazim-mansourah-00022,ETG 3 APPT 25 15 RUE BELLIER-DEDOUVRE 75013 PARIS,sirene,88081632700022,,,,,,,,,indépendant,,,,,,,,,,scraped
Dh Immobilier,dh-immobilier-00013,196 RUE DE TOLBIAC 75013 PARIS,sirene,84441001900013,,,,,,,,,indépendant,,,,,,,,,,scraped
Conseil et Capital,conseil-et-capital-00015,20-22 20 RUE DE RUNGIS 75013 PARIS,sirene,85210708500015,,,,,,,,,indépendant,,,,,,,,,,scraped
Valerie Duriez,valerie-duriez-00017,3 RUE PONSCARME 75013 PARIS,sirene,91833175200017,,,,,,,,,indépendant,,,,,,,,,,scraped
Hmc Consulting,hmc-consulting-00017,149 RUE LEON-MAURICE NORDMANN 75013 PARIS,sirene,90842040900017,,,,,,,,,indépendant,,,,,,,,,,scraped
Sasu-alof,sasu-alof-00012,23 BOULEVARD DE PORT-ROYAL 75013 PARIS,sirene,90295929500012,,,,,,,,,indépendant,,,,,,,,,,scraped
Nicolas Callegari,nicolas-callegari-00010,77 RUE DUNOIS 75013 PARIS,sirene,82208807600010,,,,,,,,,indépendant,,,,,,,,,,scraped
Maria Cavallo,maria-cavallo-00022,5 RUE DU CHEVALERET 75013 PARIS,sirene,84025892500022,,,,,,,,,indépendant,,,,,,,,,,scraped
Ifc Patrimoine,ifc-patrimoine-00011,7 QUAI FRANCOIS MAURIAC 75013 PARIS,sirene,84357543200011,,,,,,,,,indépendant,,,,,,,,,,scraped
Noell Adonis Gabou Kilolo,noell-adonis-gabou-kilolo-00017,25 RUE BOBILLOT 75013 PARIS,sirene,84377580000017,,,,,,,,,indépendant,,,,,,,,,,scraped
Bail Kourgane,bail-kourgane-00013,17 AVENUE D'ITALIE 75013 PARIS,sirene,92199875300013,,,,,,,,,indépendant,,,,,,,,,,scraped
Fredelion Immobilier,fredelion-immobilier-00014,229 RUE DE TOLBIAC 75013 PARIS,"sirene,google_maps",92254365700014,"
01 83 64 12 13",,https://fredelion-paris13.enligne.immo/fr,https://www.google.com/maps/place/Agence+immobili%C3%A8re+FREDeLION+%E2%80%93+Paris+13+Buttes+aux+Cailles/data=!4m7!3m6!1s0x47e671fb90b563cf:0x82f6a27fc6c1f3a6!8m2!3d48.8258294!4d2.3449772!16s%2Fg%2F11trcydbsy!19sChIJz2O1kPtx5kcRpvPBxn-i9oI?authuser=0&hl=fr&rclk=1,,,,"{""Ouvert · Ferme à 19"": ""30""}",indépendant,,,,,,,,,,scraped
Lpi,lpi-00016,38 RUE DUNOIS 75013 PARIS,sirene,92534124000016,,,,,,,,,indépendant,,,,,,,,,,scraped
Chantal Hugues (hugues),chantal-hugues-hugues-00013,51 RUE DU MOULIN DE LA POINTE 75013 PARIS,sirene,93122763100013,,,,,,,,,indépendant,,,,,,,,,,scraped
Mja Invest,mja-invest-00018,189 AVENUE DE CHOISY 75013 PARIS,sirene,95116331000018,,,,,,,,,indépendant,,,,,,,,,,scraped
Immobilier Paris 13,immobilier-paris-13-00014,14 VILLA D'ESTE 75013 PARIS,sirene,83045390800014,,,,,,,,,indépendant,,,,,,,,,,scraped
Arago Conseil,arago-conseil-00013,32 BOULEVARD ARAGO 75013 PARIS,sirene,98539474100013,,,,,,,,,indépendant,,,,,,,,,,scraped
Viktoria Ilic,viktoria-ilic-00016,CHEZ MONSIEUR ADRIEN PIRES 61 RUE PASCAL 75013 PARIS,sirene,93483863200016,,,,,,,,,indépendant,,,,,,,,,,scraped
Gold'n Patrimoine,gold-n-patrimoine-00012,47 RUE DU CHATEAU DES RENTIERS 75013 PARIS,sirene,93824416700012,,,,,,,,,indépendant,,,,,,,,,,scraped
Devcom.immo,devcom-immo-00015,92 A RUE DE LA COLONIE 75013 PARIS,sirene,93999647600015,,,,,,,,,indépendant,,,,,,,,,,scraped
Arkadia,arkadia-00010,183 RUE DE TOLBIAC 75013 PARIS,sirene,94464238800010,,,,,,,,,indépendant,,,,,,,,,,scraped
Anthony Ira,anthony-ira-00014,27 RUE CHARLES FOURIER 75013 PARIS,sirene,97769800000014,,,,,,,,,indépendant,,,,,,,,,,scraped
Guy Hoquet L'immobilier,guy-hoquet-l-immobilier-00012,93 AVENUE D'IVRY 75013 PARIS,"sirene,google_maps",97809161900012,"
09 86 62 00 86",,https://paris-13-maisonblanche.guy-hoquet.com/,https://www.google.com/maps/place/Agence+immobili%C3%A8re+GUY+HOQUET+Paris+13+-+MAISON+BLANCHE/data=!4m7!3m6!1s0x47e671b73de8d54b:0x753ca2e0f35a6de0!8m2!3d48.8248968!4d2.3623094!16s%2Fg%2F11vkl8vm4j!19sChIJS9XoPbdx5kcR4G1a8-CiPHU?authuser=0&hl=fr&rclk=1,,,,"{""Fermé · Ouvre à 10"": ""00 mar.""}",Guy Hoquet,,,,,,,,,,scraped
Alan Colondon (colondon),alan-colondon-colondon-00014,166 RUE JEANNE D'ARC 75013 PARIS,sirene,97968492500014,,,,,,,,,indépendant,,,,,,,,,,scraped
Victoire Immobilier,victoire-immobilier-00029,15 RUE VERGNIAUD 75013 PARIS,sirene,98374589400029,,,,,,,,,indépendant,,,,,,,,,,scraped
Luana Parache,luana-parache-00019,18 RUE DES GOBELINS 75013 PARIS,sirene,99047740800019,,,,,,,,,indépendant,,,,,,,,,,scraped
Antoine Lagaillard (lagaillard),antoine-lagaillard-lagaillard-00014,46 RUE JEANNE D'ARC 75013 PARIS,sirene,99311131900014,,,,,,,,,indépendant,,,,,,,,,,scraped
Gerald Vidal,gerald-vidal-00021,E3 83 RUE DE L'AMIRAL MOUCHEZ 75013 PARIS,sirene,53112088900021,,,,,,,,,indépendant,,,,,,,,,,scraped
Les Nomades Bleus,les-nomades-bleus-00014,9 RUE BAUDOIN 75013 PARIS,sirene,82509474100014,,,,,,,,,indépendant,,,,,,,,,,scraped
Etudes et Gestion Mirabeau - S.e.g.m.,etudes-et-gestion-mirabeau-s-e-g-m-00054,96 AVENUE D'ITALIE 75013 PARIS,"sirene,google_maps",45052822900054,"
01 45 80 58 80",,http://www.dolmen.immo/,https://www.google.com/maps/place/Dolmen+Gestion/data=!4m7!3m6!1s0x47e671ee66f3aaab:0x7c51c9808d73f0eb!8m2!3d48.8254154!4d2.3571419!16s%2Fg%2F11c586lnpq!19sChIJq6rzZu5x5kcR6_BzjYDJUXw?authuser=0&hl=fr&rclk=1,,,,"{""Ouvert · Ferme à 18"": ""00""}",indépendant,,,,,,,,,,scraped
S.e.t.,s-e-t-00021,19 AVENUE D'ITALIE 75013 PARIS,sirene,45066567400021,,,,,,,,,indépendant,,,,,,,,,,scraped
"3,2,1 International",3-2-1-international-00054,17 BOULEVARD SAINT-MARCEL 75013 PARIS,sirene,43403925100054,,,,,,,,,indépendant,,,,,,,,,,scraped
Conseil Rive Gauche,conseil-rive-gauche-00031,38 RUE DES CINQ DIAMANTS 75013 PARIS,"sirene,google_maps",48009895300031,"
01 43 31 53 68",,http://www.conseilrivegauche.com/,https://www.google.com/maps/place/Agence+immobili%C3%A8re+Paris+13+-+Conseil+Rive+Gauche/data=!4m7!3m6!1s0x47e6718db92342f1:0x4e7fbba484b4afc9!8m2!3d48.8284722!4d2.3502558!16s%2Fg%2F1tf7x0ld!19sChIJ8UIjuY1x5kcRya-0hKS7f04?authuser=0&hl=fr&rclk=1,,,,"{""Ouvert · Ferme à 20"": ""30""}",indépendant,,,,,,,,,,scraped
Aristone Conseil,aristone-conseil-00019,99 AVENUE D'ITALIE 75013 PARIS,sirene,49445179200019,,,,,,,,,indépendant,,,,,,,,,,scraped
Sarl Carlax Limited,sarl-carlax-limited-00054,37 RUE NATIONALE 75013 PARIS,sirene,49490198600054,,,,,,,,,indépendant,,,,,,,,,,scraped
Dimmova,dimmova-00018,201 RUE DE TOLBIAC 75013 PARIS,sirene,48252319800018,,,,,,,,,indépendant,,,,,,,,,,scraped
Diwann,diwann-00012,10 RUE DES CORDELIERES 75013 PARIS,sirene,48351170500012,,,,,,,,,indépendant,,,,,,,,,,scraped
Elsa,elsa-00019,41 AVENUE DES GOBELINS 75013 PARIS,sirene,38033131400019,,,,,,,,,indépendant,,,,,,,,,,scraped
Snc Pierres et Harmonie X,snc-pierres-et-harmonie-x-00038,60 RUE DU DESSOUS DES BERGES 75013 PARIS,sirene,38057103400038,,,,,,,,,indépendant,,,,,,,,,,scraped
Fonciere Italie,fonciere-italie-00010,150 AVENUE D'ITALIE 75013 PARIS,"sirene,google_maps",35199162500010,"
01 45 88 10 10",,http://www.ervic.fr/,https://www.google.com/maps/place/Fonci%C3%A8re+Italie/data=!4m7!3m6!1s0x47e6718425d8da1d:0x12a30f0bb12b2dde!8m2!3d48.8225476!4d2.3581172!16s%2Fg%2F1tdr7hmh!19sChIJHdrYJYRx5kcR3i0rsQsPoxI?authuser=0&hl=fr&rclk=1,,,,"{""Ouvert · Ferme à 18"": ""00""}",indépendant,,,,,,,,,,scraped
France-immo-invest(f3m),france-immo-invest-f3m-00030,6 RUE VULPIAN 75013 PARIS,sirene,35276659600030,,,,,,,,,indépendant,,,,,,,,,,scraped
Actua Immobilier,actua-immobilier-00048,26 RUE DE LA BUTTE AUX CAILLES 75013 PARIS,sirene,37818156400048,,,,,,,,,indépendant,,,,,,,,,,scraped
Societe Immobiliere Montjoie (sim),societe-immobiliere-montjoie-sim-00017,91 QUAI PANHARD ET LEVASSOR 75013 PARIS,sirene,37862979400017,,,,,,,,,indépendant,,,,,,,,,,scraped
Transaxio Hotel (cie),transaxio-hotel-cie-00060,IMMEUBLE HORIZONS SUD 11 RUE BRILLAT-SAVARIN 75013 PARIS,sirene,37913438000060,,,,,,,,,indépendant,,,,,,,,,,scraped
Creadifop,creadifop-00030,38 RUE DUNOIS 75013 PARIS,sirene,33880720900030,,,,,,,,,indépendant,,,,,,,,,,scraped
Alain Chanut,alain-chanut-00020,19 RUE ALPHAND 75013 PARIS,sirene,34461133000020,,,,,,,,,indépendant,,,,,,,,,,scraped
Sci 6 Rue Bourgon,sci-6-rue-bourgon-00010,6 RUE BOURGON 75013 PARIS,sirene,34478887200010,,,,,,,,,indépendant,,,,,,,,,,scraped
Sci du Boulevard Blanqui,sci-du-boulevard-blanqui-00015,127 BOULEVARD AUGUSTE BLANQUI 75013 PARIS,sirene,34519197700015,,,,,,,,,indépendant,,,,,,,,,,scraped
Jossy Dunois Ii,jossy-dunois-ii-00014,74 RUE DUNOIS 75013 PARIS,sirene,32004934900014,,,,,,,,,indépendant,,,,,,,,,,scraped
Opi,opi-00069,7 PRO GERMAINE SABLON 75013 PARIS 13,sirene,33029680700069,,,,,,,,,indépendant,,,,,,,,,,scraped
Uyen-hue Lam,uyen-hue-lam-00037,3 RUE MICHEL PETER 75013 PARIS,sirene,32418843200037,,,,,,,,,indépendant,,,,,,,,,,scraped
Transactions Gobelins Arago (tga),transactions-gobelins-arago-tga-00037,31 AVENUE DES GOBELINS 75013 PARIS,sirene,32617101400037,,,,,,,,,indépendant,,,,,,,,,,scraped
Assistance Service Immobilier Etude (asie),assistance-service-immobilier-etude-asie-00024,72 AVENUE DE CHOISY 75013 PARIS,sirene,32666171700024,,,,,,,,,indépendant,,,,,,,,,,scraped
Immo sur,immo-sur-00015,9 PLACE D'ITALIE 75013 PARIS,"sirene,google_maps",41065731600015,"
01 45 82 18 18",,http://www.biensur-immo.com/,https://www.google.com/maps/place/Bien+Sur+Immobilier/data=!4m7!3m6!1s0x47e6718c33ffe103:0xe804f4d3168f3dac!8m2!3d48.8316481!4d2.3568815!16s%2Fg%2F1tt8bl34!19sChIJA-H_M4xx5kcRrD2PFtP0BOg?authuser=0&hl=fr&rclk=1,,,,"{""Ouvre bientôt · 14"": ""00""}",indépendant,,,,,,,,,,scraped
Tga les Gobelins,tga-les-gobelins-00017,39 AVENUE DES GOBELINS 75013 PARIS,"sirene,google_maps",80975557200017,"
01 44 08 61 21",,https://agencedesgobelins.fr/,https://www.google.com/maps/place/L%27+Agence+des+Gobelins+-+Agence+Immobili%C3%A8re/data=!4m7!3m6!1s0x47e67192b3a7ddf1:0x43cda59bf169606c!8m2!3d48.83565!4d2.3529748!16s%2Fg%2F11bwf7_vc5!19sChIJ8d2ns5Jx5kcRbGBp8ZulzUM?authuser=0&hl=fr&rclk=1,,,,"{""Ouvert · Ferme à 19"": ""00""}",indépendant,,,,,,,,,,scraped
Agence V.i,agence-v-i-00024,15 BOULEVARD SAINT-MARCEL 75013 PARIS,sirene,84035185200024,,,,,,,,,indépendant,,,,,,,,,,scraped
Hyperion 42,hyperion-42-00011,38 RUE DUNOIS 75013 PARIS,sirene,84035559800011,,,,,,,,,indépendant,,,,,,,,,,scraped
Impact Gestion,impact-gestion-00011,6 RUE BOBILLOT 75013 PARIS,sirene,83354418200011,,,,,,,,,indépendant,,,,,,,,,,scraped
Mbh Consulting,mbh-consulting-00027,26 RUE ALPHAND 75013 PARIS,sirene,82110647300027,,,,,,,,,indépendant,,,,,,,,,,scraped
Jean de Teyssiere,jean-de-teyssiere-00035,39 BOULEVARD ARAGO 75013 PARIS,sirene,82877628600035,,,,,,,,,indépendant,,,,,,,,,,scraped
Erdim,erdim-00024,TOUR RUBIS 36 AVENUE D'ITALIE 75013 PARIS,sirene,81138257100024,,,,,,,,,indépendant,,,,,,,,,,scraped
Mcchc et Associes,mcchc-et-associes-00011,89 RUE BOBILLOT 75013 PARIS,sirene,85242608900011,,,,,,,,,indépendant,,,,,,,,,,scraped
Guina Vaz Mendes (vaz Mendes Da Silva),guina-vaz-mendes-vaz-mendes-da-silva-00017,PORTE143 2 RUE DUCHEFDELAVILLE 75013 PARIS,sirene,85271278500017,,,,,,,,,indépendant,,,,,,,,,,scraped
Gab-immo,gab-immo-00035,71 RUE DU CHATEAU DES RENTIERS 75013 PARIS,sirene,85320175400035,,,,,,,,,indépendant,,,,,,,,,,scraped
Fonciere Financiere Directe,fonciere-financiere-directe-00014,7 RUE DU DOCTEUR CHARLES RICHET 75013 PARIS,sirene,83825431600014,,,,,,,,,indépendant,,,,,,,,,,scraped
Est-ouest Immobilier,est-ouest-immobilier-00017,47 RUE BOBILLOT 75013 PARIS,sirene,83208242400017,,,,,,,,,indépendant,,,,,,,,,,scraped
Fabien Spagnolo,fabien-spagnolo-00010,67 AVENUE DES GOBELINS 75013 PARIS,sirene,84880210400010,,,,,,,,,indépendant,,,,,,,,,,scraped
Capital Immobilier (capimmo),capital-immobilier-capimmo-00021,125 BOULEVARD MASSENA 75013 PARIS,"sirene,google_maps",84265550800021,"
01 43 44 07 26",,https://www.capital-immobilier.fr/fr,https://www.google.com/maps/place/Capital+Immobilier+Paris+13%C3%A8me+%2F+Ivry+Sur+Seine/data=!4m7!3m6!1s0x47e671c4fc99fe65:0xb1051c3926f98ad!8m2!3d48.8190553!4d2.3623498!16s%2Fg%2F11fk18srgx!19sChIJZf6Z_MRx5kcRrZhvksNREAs?authuser=0&hl=fr&rclk=1,,,,"{""Ouvert · Ferme à 19"": ""00""}",indépendant,,,,,,,,,,scraped
Marsia,marsia-00015,178 RUE DE TOLBIAC 75013 PARIS,"sirene,google_maps",84357354400015,"
06 50 78 16 29",,http://www.marsia.fr/,https://www.google.com/maps/place/MARSIA/data=!4m7!3m6!1s0xa9b2758ec338c07d:0x907889e27fb9ec8f!8m2!3d48.826002!4d2.351412!16s%2Fg%2F11rnbzyn77!19sChIJfcA4w451sqkRj-y5f-KJeJA?authuser=0&hl=fr&rclk=1,,,,"{""Ouvert · Ferme à 20"": ""00""}",indépendant,,,,,,,,,,scraped
Topaz Immobilier,topaz-immobilier-00019,30 RUE NATIONALE 75013 PARIS,sirene,80466007400019,,,,,,,,,indépendant,,,,,,,,,,scraped
Darya Romanova,darya-romanova-00035,4 RUE DU DOCTEUR TUFFIER 75013 PARIS,sirene,79759178100035,,,,,,,,,indépendant,,,,,,,,,,scraped
Sci Barrault Gabart,sci-barrault-gabart-00017,49 RUE BARRAULT 75013 PARIS,sirene,34894459600017,,,,,,,,,indépendant,,,,,,,,,,scraped
Asie France Immobilier (afi),asie-france-immobilier-afi-00019,61 AVENUE DE CHOISY 75013 PARIS,sirene,38895188100019,,,,,,,,,indépendant,,,,,,,,,,scraped
Eric Somchit,eric-somchit-00044,16 RUE DU PERE GUERIN 75013 PARIS,sirene,40038209900044,,,,,,,,,indépendant,,,,,,,,,,scraped
Century 21 Olympiades,century-21-olympiades-00033,72 RUE DE TOLBIAC 75013 PARIS,sirene,42280758600033,,,,,,,,,Century 21,,,,,,,,,,scraped
Arlette Benhamou (bei),arlette-benhamou-bei-00020,121 AVENUE D'ITALIE 75013 PARIS,sirene,42413365000020,,,,,,,,,indépendant,,,,,,,,,,scraped
A Biens,a-biens-00014,32 AVENUE DE LA PORTE DE CHOISY 75013 PARIS,sirene,41309794000014,,,,,,,,,indépendant,,,,,,,,,,scraped
Hugues Dorby,hugues-dorby-00014,6 AVENUE BOUTROUX 75013 PARIS,sirene,41089099000014,,,,,,,,,indépendant,,,,,,,,,,scraped
Immoternes,immoternes-00012,175 RUE DU CHEVALERET 75013 PARIS,sirene,41177185000012,,,,,,,,,indépendant,,,,,,,,,,scraped
Bernadette Kind,bernadette-kind-00017,14 RUE DU MOULINET 75013 PARIS,sirene,40494298900017,,,,,,,,,indépendant,,,,,,,,,,scraped
Sci Guenegaud,sci-guenegaud-00020,85 BOULEVARD DE PORT-ROYAL 75013 PARIS,sirene,43935581900020,,,,,,,,,indépendant,,,,,,,,,,scraped
Jlhp Immobilier,jlhp-immobilier-00021,40 AVENUE D'ITALIE 75013 PARIS,sirene,40865204800021,,,,,,,,,indépendant,,,,,,,,,,scraped
Fructifiæ,fructifi-00018,43 RUE BOBILLOT 75013 PARIS,sirene,97751828100018,,,,,,,,,indépendant,,,,,,,,,,scraped
Bergam,bergam-00013,66 AVENUE DES GOBELINS 75013 PARIS,sirene,94491197300013,,,,,,,,,indépendant,,,,,,,,,,scraped
Immo In Paris,immo-in-paris-00017,BUREAU RIMINI 6 AVENUE DE CHOISY 75013 PARIS,sirene,95113511000017,,,,,,,,,indépendant,,,,,,,,,,scraped
Immo West Cap (i.w.c.),immo-west-cap-i-w-c-00015,20 RUE LE BRUN 75013 PARIS,sirene,95156062200015,,,,,,,,,indépendant,,,,,,,,,,scraped
Element Declencheur,element-declencheur-00012,3 RUE DES FRIGOS 75013 PARIS,sirene,93762418700012,,,,,,,,,indépendant,,,,,,,,,,scraped
Shirele Cohen,shirele-cohen-00012,15 RUE ABEL GANCE 75013 PARIS,sirene,93204141100012,,,,,,,,,indépendant,,,,,,,,,,scraped
R&s Consulting,r-s-consulting-00018,39 AVENUE DES GOBELINS 75013 PARIS,sirene,89539560600018,,,,,,,,,indépendant,,,,,,,,,,scraped
Chunling Fu,chunling-fu-00012,7 BOULEVARD AUGUSTE BLANQUI 75013 PARIS,sirene,89754010000012,,,,,,,,,indépendant,,,,,,,,,,scraped
Milo Corp,milo-corp-00029,16 RUE DE LA GLACIERE 75013 PARIS,sirene,88975516100029,,,,,,,,,indépendant,,,,,,,,,,scraped
Sci Diep Dan,sci-diep-dan-00012,89 BOULEVARD AUGUSTE BLANQUI 75013 PARIS,sirene,90854211100012,,,,,,,,,indépendant,,,,,,,,,,scraped
Butte Aux Cailles Immobilier,butte-aux-cailles-immobilier-00011,2 RUE DE LA BUTTE AUX CAILLES 75013 PARIS,"sirene,google_maps",89201519900011,"
01 89 16 14 90",,http://www.butteauxcaillesimmobilier.fr/,https://www.google.com/maps/place/BUTTE+AUX+CAILLES+IMMOBILIER/data=!4m7!3m6!1s0x47e671f877594a03:0xb3a7bc211a35166!8m2!3d48.8282062!4d2.3524402!16s%2Fg%2F11q1n66bds!19sChIJA0pZd_hx5kcRZlGjEcJ7Ogs?authuser=0&hl=fr&rclk=1,,,,"{""Ouvert · Ferme à 19"": ""00""}",indépendant,,,,,,,,,,scraped
Trois Ians Immobilier,trois-ians-immobilier-00012,10 VILLA D'ESTE 75013 PARIS,sirene,92098091900012,,,,,,,,,indépendant,,,,,,,,,,scraped
E.t.a. Immobilier,e-t-a-immobilier-00010,APPT 1215 20 AVENUE D'IVRY 75013 PARIS,sirene,90976746900010,,,,,,,,,indépendant,,,,,,,,,,scraped
Nms Consulting,nms-consulting-00011,92 RUE DU DESSOUS DES BERGES 75013 PARIS,sirene,91427452700011,,,,,,,,,indépendant,,,,,,,,,,scraped
Xiiie Tolbiac,xiiie-tolbiac-00018,199 RUE DE TOLBIAC 75013 PARIS,"sirene,google_maps",90884543100018,"
01 43 29 30 00",donneespersonnelles@laforet.com,https://www.laforet.com/agence-immobiliere/paris13-tolbiac,https://www.google.com/maps/place/Agence+immobili%C3%A8re+Lafor%C3%AAt+Paris+13+Tolbiac/data=!4m7!3m6!1s0x47e67185d79db693:0xc17652f3c9810d42!8m2!3d48.8256401!4d2.3494551!16s%2Fg%2F11sy1hv0p7!19sChIJk7ad14Vx5kcRQg2ByfNSdsE?authuser=0&hl=fr&rclk=1,,,,"{""Ouvert · Ferme à 19"": ""00""}",indépendant,,True,modern,True,,,,,screenshots\agence-immobiliere-laforet-paris-13-tolbiac.png,scraped
Laforet Immobilier,laforet-immobilier-00015,10 RUE JEANNE D'ARC 75013 PARIS,sirene,93886342000015,,,,,,,,,Laforêt,,,,,,,,,,scraped
Taha Andalous Ouartassi,taha-andalous-ouartassi-00036,CHEZ LAKHNIGUE ET MOUSTAQUIME 7 RUE TOUSSAINT-FERON 75013 PARIS,sirene,92768108000036,,,,,,,,,indépendant,,,,,,,,,,scraped
Gael Brossaud Immobilier,gael-brossaud-immobilier-00021,198 RUE DE TOLBIAC 75013 PARIS,sirene,92790113200021,,,,,,,,,indépendant,,,,,,,,,,scraped
Cabinet Joseph Serre,cabinet-joseph-serre-00012,20 RUE DU DOCTEUR LUCAS-CHAMPIONNIERE 75013 PARIS,sirene,75237531100012,,,,,,,,,indépendant,,,,,,,,,,scraped
Karmaly 218,karmaly-218-00013,APP. N218 RES. ANTOINE ET CLEOPATRE 17 AVENUE D'ITALIE 75013 PARIS,sirene,75159879800013,,,,,,,,,indépendant,,,,,,,,,,scraped
Guillaume Marchisseau,guillaume-marchisseau-00014,8 RUE BELLIER-DEDOUVRE 75013 PARIS,sirene,53077510500014,,,,,,,,,indépendant,,,,,,,,,,scraped
Danka Yvon (tripunovic),danka-yvon-tripunovic-00017,15 RUE DU DESSOUS DES BERGES 75013 PARIS,sirene,79854925900017,,,,,,,,,indépendant,,,,,,,,,,scraped
Francois Blineau,francois-blineau-00014,75 BOULEVARD VINCENT AURIOL 75013 PARIS,sirene,79997931500014,,,,,,,,,indépendant,,,,,,,,,,scraped
Francois Blandin,francois-blandin-00025,HALL 1 26 RUE REGNAULT 75013 PARIS,sirene,80275343400025,,,,,,,,,indépendant,,,,,,,,,,scraped
Pastourelle Conseil,pastourelle-conseil-00038,4 SQUARE DE PORT-ROYAL 75013 PARIS,sirene,79075982300038,,,,,,,,,indépendant,,,,,,,,,,scraped
Azur Immobiler,azur-immobiler-00011,33 AVENUE D'ITALIE 75013 PARIS,sirene,82254944000011,,,,,,,,,indépendant,,,,,,,,,,scraped
Thomas Fontaine,thomas-fontaine-00014,13 RUE GANDON 75013 PARIS,sirene,82266595600014,,,,,,,,,indépendant,,,,,,,,,,scraped
Hugues Clain,hugues-clain-00015,23 RUE JEANNE CHAUVIN 75013 PARIS,sirene,82282695400015,,,,,,,,,indépendant,,,,,,,,,,scraped
Rbg + J,rbg-j-00024,1-3 1 RUE DE L'AMIRAL MOUCHEZ 75013 PARIS,sirene,82328310600024,,,,,,,,,indépendant,,,,,,,,,,scraped
Le Grand Reservoir Transactions,le-grand-reservoir-transactions-00011,148 RUE LEON-MAURICE NORDMANN 75013 PARIS,sirene,81916654700011,,,,,,,,,indépendant,,,,,,,,,,scraped
El-n Home,el-n-home-00014,10 RUE MARCEL DUCHAMP 75013 PARIS,sirene,50252725200014,,,,,,,,,indépendant,,,,,,,,,,scraped
Yvon Jokic,yvon-jokic-00019,15 RUE DU DESSOUS DES BERGES 75013 PARIS,sirene,51865904000019,,,,,,,,,indépendant,,,,,,,,,,scraped
Societe Tolbiac Immo,societe-tolbiac-immo-00018,51 RUE DE L'ESPERANCE 75013 PARIS,sirene,49909873900018,,,,,,,,,indépendant,,,,,,,,,,scraped
Sur Mesure,sur-mesure-00031,3 PLACE D'ITALIE 75013 PARIS,sirene,49375741300031,,,,,,,,,indépendant,,,,,,,,,,scraped
Seine et Marne Relocation Conseil (smrc),seine-et-marne-relocation-conseil-smrc-00015,19 AVENUE D'ITALIE 75013 PARIS,sirene,52238154000015,,,,,,,,,indépendant,,,,,,,,,,scraped
Yassine Nouraout,yassine-nouraout-00032,17 RUE EMILE DURKHEIM 75013 PARIS,sirene,50135858400032,,,,,,,,,indépendant,,,,,,,,,,scraped
Nadirabanou Kamoula,nadirabanou-kamoula-00013,TOUR HELSINKI 50 RUE DU DISQUE 75013 PARIS,sirene,50481654700013,,,,,,,,,indépendant,,,,,,,,,,scraped
In Situ Patrimoine,in-situ-patrimoine-00018,43 RUE BARRAULT 75013 PARIS,sirene,52910815100018,,,,,,,,,indépendant,,,,,,,,,,scraped
Frederic Boismal,frederic-boismal-00035,20 RUE OUDRY 75013 PARIS,sirene,51009173900035,,,,,,,,,indépendant,,,,,,,,,,scraped
Alexandre Henry de la Moynerie (bedigis),alexandre-henry-de-la-moynerie-bedigis-00019,14 RUE NATIONALE 75013 PARIS,sirene,85029974400019,,,,,,,,,indépendant,,,,,,,,,,scraped
Nathalie Large-odier (large),nathalie-large-odier-large-00018,18 RUE DE LA GLACIERE 75013 PARIS,sirene,98159640600018,,,,,,,,,indépendant,,,,,,,,,,scraped
Laforet Immobilier,laforet-immobilier-00012,7 BOULEVARD ARAGO 75013 PARIS,sirene,98461544300012,,,,,,,,,Laforêt,,,,,,,,,,scraped
Lancelot Bazin,lancelot-bazin-00019,43 BOULEVARD AUGUSTE BLANQUI 75013 PARIS,sirene,98787136500019,,,,,,,,,indépendant,,,,,,,,,,scraped
Svppb Invests,svppb-invests-00014,33 RUE DAMESME 75013 PARIS,sirene,99157071400014,,,,,,,,,indépendant,,,,,,,,,,scraped
Maison Blanche Immobilier,maison-blanche-immobilier-00011,37 RUE BOBILLOT 75013 PARIS,"sirene,google_maps",83233519400011,"
01 43 13 33 00",,,https://www.google.com/maps/place/Maison+Blanche+Immobilier/data=!4m7!3m6!1s0x47e6718e29655555:0x2ead28bf14f17e05!8m2!3d48.8288459!4d2.3535543!16s%2Fg%2F11hbppy75c!19sChIJVVVlKY5x5kcRBX7xFL8orS4?authuser=0&hl=fr&rclk=1,,,,"{""Ouvert · Ferme à 19"": ""00""}",indépendant,,,,,,,,,,scraped
Agence immobilière Laforêt Paris 13Eme,agence-immobiliere-laforet-paris-13eme,"
9 Bd Arago, 75013 Paris",google_maps,,"
01 40 09 72 51",donneespersonnelles@laforet.com,https://www.laforet.com/agence-immobiliere/paris13-arago?utm_source=google&utm_medium=mybusiness,https://www.google.com/maps/place/Agence+immobili%C3%A8re+Lafor%C3%AAt+Paris+13Eme/data=!4m7!3m6!1s0x47e671ecd1509a25:0x5b8ae36eb100b927!8m2!3d48.8362546!4d2.3508854!16s%2Fg%2F1x6q120_!19sChIJJZpQ0exx5kcRJ7kAsW7jils?authuser=0&hl=fr&rclk=1,,,,"{""Ouvert · Ferme à 19"": ""00""}",Laforêt,"Julia FONTAINE, Gaultier FONTAINE, Emilie BODIC, Emilie GILLET, Paul BURET",True,modern,True,,,,,screenshots\agence-immobiliere-laforet-paris-13eme.png,screenshot_done
Agence immobilière l'Adresse Paris 13 Butte-aux-Cailles,agence-immobiliere-l-adresse-paris-13-butte-aux-cailles,"
196 Rue de Tolbiac, 75013 Paris",google_maps,,"
01 83 75 52 10",,https://www.ladresse.com/agence/l-adresse-butte-aux-cailles/49?utm_source=gmb,https://www.google.com/maps/place/Agence+immobili%C3%A8re+l%27Adresse+Paris+13+Butte-aux-Cailles/data=!4m7!3m6!1s0x47e671c299ed78fb:0x251aa6568b860780!8m2!3d48.825875!4d2.3490363!16s%2Fg%2F11h37r_b90!19sChIJ-3jtmcJx5kcRgAeGi1amGiU?authuser=0&hl=fr&rclk=1,,,,"{""Ouvert · Ferme à 19"": ""00""}",L'Adresse,,,,,,,,,,scraped
Lévine Immobilier - Agence immobilière Paris 13,levine-immobilier-agence-immobiliere-paris-13,"
11 Rue Jeanne d'Arc, 75013 Paris",google_maps,,"
01 85 35 10 10",,https://levine-immobilier.fr/,https://www.google.com/maps/place/L%C3%A9vine+Immobilier+-+Agence+immobili%C3%A8re+Paris+13/data=!4m7!3m6!1s0x47e6734e29a16c81:0xbc1872e9c02cfe8a!8m2!3d48.8290472!4d2.3690848!16s%2Fg%2F11rgzqgf7y!19sChIJgWyhKU5z5kcRiv4swOlyGLw?authuser=0&hl=fr&rclk=1,,,,"{""Ouvert · Ferme à 19"": ""30""}",indépendant,,,,,,,,,,scraped
KIOSK immobilier,kiosk-immobilier,"
47 Rue Bobillot, 75013 Paris",google_maps,,"
01 45 80 10 10",,https://www.kiosk.immo/#accueil,https://www.google.com/maps/place/KIOSK+immobilier/data=!4m7!3m6!1s0x47e671902b209b59:0x1fd241d5e90de0c2!8m2!3d48.8282368!4d2.3529906!16s%2Fg%2F11gbz1rx_m!19sChIJWZsgK5Bx5kcRwuAN6dVB0h8?authuser=0&hl=fr&rclk=1,,,,"{""Ouvert · Ferme à 20"": ""00""}",indépendant,,,,,,,,,,scraped
IMOP - Agence immobilière - Frais fixes : 5900€,imop-agence-immobiliere-frais-fixes-5900,"
105 Bd de Sébastopol, 75002 Paris",google_maps,,"
01 84 25 80 81",,https://www.imop.fr/,https://www.google.com/maps/place/IMOP+-+Agence+immobili%C3%A8re+-+Frais+fixes+:+5900%E2%82%AC/data=!4m7!3m6!1s0x47e6715b8d52ad8b:0xad4bf5f42a401a20!8m2!3d48.8664656!4d2.3522951!16s%2Fg%2F11gj0q1sfq!19sChIJi61SjVtx5kcRIBpAKvT1S60?authuser=0&hl=fr&rclk=1,,,,"{""Ouvert · Ferme à 19"": ""00""}",indépendant,,,,,,,,,,scraped
Orpi Bellissimmo,orpi-bellissimmo,"
67 Av. des Gobelins, 75013 Paris",google_maps,,"
01 45 87 00 10",,https://www.orpi.com/bell/?utm_source=gmb&utm_medium=organic&utm_campaign=gmb_paris%2013eme%20arrondissement&utm_content=bell,https://www.google.com/maps/place/Orpi+Bellissimmo/data=!4m7!3m6!1s0x47e67192ba1c2695:0xdb6ca7ffd6ce787d!8m2!3d48.8337975!4d2.3543399!16s%2Fg%2F1tcx0vcp!19sChIJlSYcupJx5kcRfXjO1v-nbNs?authuser=0&hl=fr&rclk=1,,,,"{""Ouvert · Ferme à 19"": ""00""}",Orpi,,,,,,,,,,scraped
Agence immobilière l'Adresse Paris 13 Tolbiac,agence-immobiliere-l-adresse-paris-13-tolbiac,"
34 Rue de Tolbiac, 75013 Paris",google_maps,,"
01 53 79 19 30",,https://www.ladresse.com/agence/l-adresse-tolbiac-paris-13/153,https://www.google.com/maps/place/Agence+immobili%C3%A8re+l%27Adresse+Paris+13+Tolbiac/data=!4m7!3m6!1s0x47e6722450d4fc6b:0x64c98bc3e640145b!8m2!3d48.8285018!4d2.3727257!16s%2Fg%2F1tr8kwyv!19sChIJa_zUUCRy5kcRWxRA5sOLyWQ?authuser=0&hl=fr&rclk=1,,,,"{""Ouvert · Ferme à 19"": ""00""}",L'Adresse,,,,,,,,,,scraped
CENTURY 21 Arago Les Gobelins Paris 13,century-21-arago-les-gobelins-paris-13,"
44 Av. des Gobelins, 75013 Paris",google_maps,,"
01 85 34 19 69",,https://www.century21-gobelins-paris-13.com/?utm_source=google_business&utm_medium=bouton_fiche_agence&utm_campaign=century-21-arago-les-gobelins-paris-13,https://www.google.com/maps/place/CENTURY+21+Arago+Les+Gobelins+Paris+13/data=!4m7!3m6!1s0x47e671929764aa67:0x9ddf043b64febc95!8m2!3d48.8344428!4d2.3530369!16s%2Fg%2F1q62dztj9!19sChIJZ6pkl5Jx5kcRlbz-ZDsE350?authuser=0&hl=fr&rclk=1,,,,"{""Ouvert · Ferme à 19"": ""30""}",Century 21,,,,,,,,,,scraped
Côté Particuliers Paris 5 et 13 - Saint-Marcel,cote-particuliers-paris-5-et-13-saint-marcel,"
8 Bd Saint-Marcel, 75005 Paris",google_maps,,"
09 72 56 44 97",,https://paris13.coteparticuliers.com/,https://www.google.com/maps/place/C%C3%B4t%C3%A9+Particuliers+Paris+5+et+13+-+Saint-Marcel/data=!4m7!3m6!1s0x47e6714c90923619:0x51c2d396ba2f75c4!8m2!3d48.8399524!4d2.3608773!16s%2Fg%2F11k05w6lb_!19sChIJGTaSkExx5kcRxHUvupbTwlE?authuser=0&hl=fr&rclk=1,,,,"{""Ouvert · Ferme à 19"": ""00""}",indépendant,,,,,,,,,,scraped
FONCIA | Agence Immobilière | Achat-Vente | Paris 5ème | Rue Monge,foncia-agence-immobiliere-achat-vente-paris-5eme-rue-monge,"
63 Rue Monge, 75005 Paris",google_maps,,"
01 59 30 36 22",,https://fr.foncia.com/agence-immobiliere/paris-75005/agence-immobiliere/foncia-transaction-paris-monge-3613,https://www.google.com/maps/place/FONCIA+%7C+Agence+Immobili%C3%A8re+%7C+Achat-Vente+%7C+Paris+5%C3%A8me+%7C+Rue+Monge/data=!4m7!3m6!1s0x47e671d97709c775:0x6c5cb3f074b9d7b3!8m2!3d48.84415!4d2.35237!16s%2Fg%2F11h92dm5k3!19sChIJdccJd9lx5kcRs9e5dPCzXGw?authuser=0&hl=fr&rclk=1,,,,"{""Ouvert · Ferme à 19"": ""00""}",Foncia,,,,,,,,,,scraped
Orpi Les Hauts de Belleville Immobilier Paris 19eme,orpi-les-hauts-de-belleville-immobilier-paris-19eme,"
321 Rue de Belleville, 75019 Paris",google_maps,,"
01 44 52 02 14",,https://www.orpi.com/leshautsdebelleville/?utm_source=gmb&utm_medium=organic&utm_campaign=gmb_paris%2019eme%20arrondissement&utm_content=leshautsdebelleville,https://www.google.com/maps/place/Orpi+Les+Hauts+de+Belleville+Immobilier+Paris+19eme/data=!4m7!3m6!1s0x47e66d8e4be33c13:0xf0c26e7b9ec35ede!8m2!3d48.876653!4d2.404036!16s%2Fg%2F11l4w646gb!19sChIJEzzjS45t5kcR3l7DnntuwvA?authuser=0&hl=fr&rclk=1,,,,"{""Ouvert · Ferme à 19"": ""00""}",Orpi,,,,,,,,,,scraped
Engel & Völkers Marais,engel-volkers-marais,"
19 Rue du Roi de Sicile, 75004 Paris",google_maps,,"
01 42 71 00 15",,https://www.engelvoelkers.com/fr/fr/shops/paris-le-marais,https://www.google.com/maps/place/Engel+%26+V%C3%B6lkers+Marais/data=!4m7!3m6!1s0x47e66f098aba0e63:0xa93ffc5a1c1c93f5!8m2!3d48.8561766!4d2.3583029!16s%2Fg%2F11rbzjtp1n!19sChIJYw66iglv5kcR9ZMcHFr8P6k?authuser=0&hl=fr&rclk=1,,,,"{""Ouvert · Ferme à 19"": ""00""}",indépendant,,,,,,,,,,scraped
JB Agence immobilière d'entreprise Paris 13 locaux commerciaux - location bureaux - cession fond de commerce -Vente boutique,jb-agence-immobiliere-d-entreprise-paris-13-locaux-commerciaux-location-bureaux-cession-fond-de-commerce-vente-boutique,"
8 Rue Primatice, 75013 Paris",google_maps,,"
01 84 80 95 96",,https://jb-l-agence-immobiliere-d-entreprise.com/paris13/,https://www.google.com/maps/place/JB+Agence+immobili%C3%A8re+d%27entreprise+Paris+13+locaux+commerciaux+-+location+bureaux+-+cession+fond+de+commerce+-Vente+boutique/data=!4m7!3m6!1s0x47e671f7122c58b3:0x19e8ca392d9cbfd5!8m2!3d48.8335661!4d2.3553598!16s%2Fg%2F11yhg4w1v6!19sChIJs1gsEvdx5kcR1b-cLTnK6Bk?authuser=0&hl=fr&rclk=1,,,,"{""Ouvert · Ferme à 22"": ""00""}",indépendant,,,,,,,,,,scraped
Krystyna Immobilier,krystyna-immobilier,"
44 Av. de la Prte d'Ivry, 75013 Paris",google_maps,,"
01 44 23 88 88",,https://www.krystyna-immobilier.com/,https://www.google.com/maps/place/Krystyna+Immobilier/data=!4m7!3m6!1s0x47e6722e9882974f:0x97ba0718383f562!8m2!3d48.820965!4d2.370982!16s%2Fg%2F1tf0py7q!19sChIJT5eCmC5y5kcRYvWDg3Ggewk?authuser=0&hl=fr&rclk=1,,,,"{""Ouvert · Ferme à 19"": ""00""}",indépendant,,,,,,,,,,scraped
IMMOBILIER PARIS 13,immobilier-paris-13,"
14 Vla d'Esté, 75013 Paris",google_maps,,"
01 45 86 38 80",,http://www.immobilierparis13.com/,https://www.google.com/maps/place/IMMOBILIER+PARIS+13/data=!4m7!3m6!1s0x47e67229ae500001:0xe8d3494511aac33c!8m2!3d48.822632!4d2.3663823!16s%2Fg%2F11gg4gn6c0!19sChIJAQBQrily5kcRPMOqEUVJ0-g?authuser=0&hl=fr&rclk=1,,,,"{""Ouvert · Ferme à 17"": ""00""}",indépendant,,,,,,,,,,scraped
Le 13ème lieu | Louer Cabinet Thérapeute Paris 13 | Service de Location de Cabinets Parisiens,le-13eme-lieu-louer-cabinet-therapeute-paris-13-service-de-location-de-cabinets-parisiens,"
18 Rue Pinel, 75013 Paris",google_maps,,"
06 13 05 22 48",,https://louer-cabinet-therapeute.paris/,https://www.google.com/maps/place/Le+13%C3%A8me+lieu+%7C+Louer+Cabinet+Th%C3%A9rapeute+Paris+13+%7C+Service+de+Location+de+Cabinets+Parisiens/data=!4m7!3m6!1s0x47e671c5a48dea45:0x130e74c3bae9c03e!8m2!3d48.8341944!4d2.3593634!16s%2Fg%2F11lh61r1mq!19sChIJReqNpMVx5kcRPsDpusN0DhM?authuser=0&hl=fr&rclk=1,,,,"{""Ouvert · Ferme à 23"": ""00""}",indépendant,,,,,,,,,,scraped
MICHEL HECTUS (SARL),michel-hectus-sarl,"
25 Bd Arago, 75013 Paris",google_maps,,"
01 45 35 14 40",,http://www.michelhectus.com/,https://www.google.com/maps/place/MICHEL+HECTUS+%28SARL%29/data=!4m7!3m6!1s0x47e6719351879cdb:0x6a8c99661ae358df!8m2!3d48.8356129!4d2.3474735!16s%2Fg%2F1td719hx!19sChIJ25yHUZNx5kcR31jjGmaZjGo?authuser=0&hl=fr&rclk=1,,,,"{""Ouvert · Ferme à 16"": ""30""}",indépendant,,,,,,,,,,scraped
J&J Patrimoine,j-j-patrimoine,"
163 Rue de Tolbiac, 75013 Paris",google_maps,,"
01 55 32 91 05",,http://www.jjpatrimoine.com/,https://www.google.com/maps/place/J%26J+Patrimoine/data=!4m7!3m6!1s0x47e67196b86c3811:0x6b74f1bbba017a1c!8m2!3d48.8259172!4d2.3546992!16s%2Fg%2F11b893pnd0!19sChIJEThsuJZx5kcRHHoBurvxdGs?authuser=0&hl=fr&rclk=1,,,,"{""Ouvert · Ferme à 19"": ""00""}",indépendant,,,,,,,,,,scraped
Régie Immobilière de la Ville de Paris,regie-immobiliere-de-la-ville-de-paris,"
13 Av. de la Pte. d'Italie, 75013 Paris",google_maps,,"
01 56 61 11 11",,http://www.rivp.fr/,https://www.google.com/maps/place/R%C3%A9gie+Immobili%C3%A8re+de+la+Ville+de+Paris/data=!4m7!3m6!1s0x47e67181bb209bcf:0x2261ca48c42b421f!8m2!3d48.8176096!4d2.3603214!16s%2Fg%2F1td3fbd1!19sChIJz5sgu4Fx5kcRH0IrxEjKYSI?authuser=0&hl=fr&rclk=1,,,,"{""Ouvert · Ferme à 17"": ""30""}",indépendant,,,,,,,,,,scraped
Agence immobilière FREDeLION – Paris 13 Cinq Diamants,agence-immobiliere-fredelion-paris-13-cinq-diamants,"
50 Rue des Cinq Diamants, 75013 Paris",google_maps,,"
01 83 64 12 13",,https://www.fredelion.com/fr/nos-agences/fredelion-cinq-diamants/188,https://www.google.com/maps/place/Agence+immobili%C3%A8re+FREDeLION+%E2%80%93+Paris+13+Cinq+Diamants/data=!4m7!3m6!1s0x47e6717921b0cac7:0x8716cc8b8a7a70d6!8m2!3d48.8280218!4d2.34967!16s%2Fg%2F11xgr60yj8!19sChIJx8qwIXlx5kcR1nB6iovMFoc?authuser=0&hl=fr&rclk=1,,,,"{""Ouvert · Ferme à 19"": ""30""}",indépendant,,,,,,,,,,scraped
Suptertiaire Paris - École d'immobilier,suptertiaire-paris-ecole-d-immobilier,"
7 Rue Moncey, 75009 Paris",google_maps,,"
01 42 47 12 12",,https://www.suptertiaire-immobilier.fr/nos-campus/ecole-en-immobilier-a-paris/?utm_source=gmb&utm_medium=paris,https://www.google.com/maps/place/Suptertiaire+Paris+-+%C3%89cole+d%27immobilier/data=!4m7!3m6!1s0x47e66e14a09df8ef:0x28e75b468013a5b5!8m2!3d48.8798403!4d2.3306449!16s%2Fg%2F1tlgx7zt!19sChIJ7_idoBRu5kcRtaUTgEZb5yg?authuser=0&hl=fr&rclk=1,,,,"{""Ouvert · Ferme à 17"": ""30""}",indépendant,,,,,,,,,,scraped
Cabinet BR IMMOBILIER,cabinet-br-immobilier,"
7 Av. de l'Opéra, 75001 Paris",google_maps,,"
01 40 15 92 25",,http://www.br-immo.fr/,https://www.google.com/maps/place/Cabinet+BR+IMMOBILIER/data=!4m7!3m6!1s0x47e66e254af156f7:0xbb3b1bd76a3de0f6!8m2!3d48.864991!4d2.3344098!16s%2Fg%2F11hbkk06md!19sChIJ91bxSiVu5kcR9uA9atcbO7s?authuser=0&hl=fr&rclk=1,,,,"{""Ouvert · Ferme à 20"": ""00""}",indépendant,,,,,,,,,,scraped
Nouvelle Vague Real Estate,nouvelle-vague-real-estate,"
55 Rue de Bellechasse, 75007 Paris",google_maps,,"
01 40 60 01 01",,https://nouvellevague-paris.fr/,https://www.google.com/maps/place/Nouvelle+Vague+Real+Estate/data=!4m7!3m6!1s0x47e671aa9f198471:0xcfd561aa3bab1bf!8m2!3d48.855235!4d2.320275!16s%2Fg%2F11w8x3xrv6!19sChIJcYQZn6px5kcRv7G6oxpW_Qw?authuser=0&hl=fr&rclk=1,,,,"{""Ouvert · Ferme à 18"": ""30""}",indépendant,,,,,,,,,,scraped
Abeille Immobilier,abeille-immobilier,"
76 Av. d'Italie, 75013 Paris",google_maps,,"
01 43 13 13 73",,http://www.abeille-immobilier.com/,https://www.google.com/maps/place/Abeille+Immobilier/data=!4m7!3m6!1s0x47e6718f66e615cf:0xa1db7f3f53b81305!8m2!3d48.8263349!4d2.3569208!16s%2Fg%2F1thcm2dk!19sChIJzxXmZo9x5kcRBRO4Uz9_26E?authuser=0&hl=fr&rclk=1,,,,"{""Ouvert · Ferme à 17"": ""45""}",indépendant,,,,,,,,,,scraped
CAFPI Paris 13 courtier en crédit immobilier,cafpi-paris-13-courtier-en-credit-immobilier,"
104 Bd Auguste Blanqui, 75013 Paris",google_maps,,"
01 44 08 80 00",,https://www.cafpi.fr/agences/courtier-paris-05,https://www.google.com/maps/place/CAFPI+Paris+13+courtier+en+cr%C3%A9dit+immobilier/data=!4m7!3m6!1s0x47e671ece664be5d:0x9ec791393bf33425!8m2!3d48.83142!4d2.344102!16s%2Fg%2F11d_b9sc4_!19sChIJXb5k5uxx5kcRJTTzOzmRx54?authuser=0&hl=fr&rclk=1,,,,"{""Ouvert · Ferme à 18"": ""00""}",indépendant,,,,,,,,,,scraped
Empruntis PARIS 13 courtier en crédit immobilier,empruntis-paris-13-courtier-en-credit-immobilier,"
201 Rue de Tolbiac, 75013 Paris",google_maps,,"
07 68 07 45 80",,https://www.empruntis.com/agences/courtier-immobilier-paris-13-1183.php,https://www.google.com/maps/place/Empruntis+PARIS+13+courtier+en+cr%C3%A9dit+immobilier/data=!4m7!3m6!1s0x47e6712884e4a82f:0x38ea7d22c19add57!8m2!3d48.8256344!4d2.3492796!16s%2Fg%2F11j3q5cp8g!19sChIJL6jkhChx5kcRV92awSJ96jg?authuser=0&hl=fr&rclk=1,,,,,indépendant,,,,,,,,,,scraped
Diagnostic immobilier Paris 13 – Maître Diagnostic,diagnostic-immobilier-paris-13-maitre-diagnostic,"
40 Rue Pascal, 75013 Paris",google_maps,,"
06 49 74 87 96",,https://maitrediagnostic.com/diagnostic-immobilier-paris-13/,https://www.google.com/maps/place/Diagnostic+immobilier+Paris+13+%E2%80%93+Ma%C3%AEtre+Diagnostic/data=!4m7!3m6!1s0x47e671985b862f87:0xbbce1feb980530bc!8m2!3d48.8365386!4d2.3476154!16s%2Fg%2F11r_l391yp!19sChIJhy-GW5hx5kcRvDAFmOsfzrs?authuser=0&hl=fr&rclk=1,,,,"{""Ouvert · Ferme à 19"": ""00""}",indépendant,,,,,,,,,,scraped
Agence immobilière Paris Rive Gauche – Espaces Atypiques,agence-immobiliere-paris-rive-gauche-espaces-atypiques,"
84 Bd Saint-Michel, 75006 Paris",google_maps,,"
01 85 73 66 13",,https://www.espaces-atypiques.com/paris-rive-gauche/?utm_campaign=GoogleMyBusiness&utm_medium=Local&utm_source=Google,https://www.google.com/maps/place/Agence+immobili%C3%A8re+Paris+Rive+Gauche+%E2%80%93+Espaces+Atypiques/data=!4m7!3m6!1s0x47e67133d6dfb9d1:0xc5f50296f93ec484!8m2!3d48.8423078!4d2.3377387!16s%2Fg%2F11fd4qyb10!19sChIJ0bnf1jNx5kcRhMQ--ZYC9cU?authuser=0&hl=fr&rclk=1,,,,"{""Ouvre bientôt · 14"": ""00""}",indépendant,,,,,,,,,,scraped
Ecodiag Immo,ecodiag-immo,"
47 Rue Dunois, 75013 Paris",google_maps,,"
06 46 68 68 55",,http://www.ecodiag-immo.fr/?utm_source=gmb,https://www.google.com/maps/place/Ecodiag+Immo/data=!4m7!3m6!1s0x47e672304565072b:0x96abcc926726199f!8m2!3d48.8318344!4d2.3680247!16s%2Fg%2F11b878gny5!19sChIJKwdlRTBy5kcRnxkmZ5LMq5Y?authuser=0&hl=fr&rclk=1,,,,"{""Ouvert · Ferme à 19"": ""00""}",indépendant,,,,,,,,,,scraped
Céline David Conseil Immobilier Paris 13e,celine-david-conseil-immobilier-paris-13e,"
75013 Paris",google_maps,,,,https://www.safti.fr/votre-conseiller-safti/celine-david,https://www.google.com/maps/place/C%C3%A9line+David+Conseil+Immobilier+Paris+13e/data=!4m7!3m6!1s0x2e94ea4cb2dbd075:0x448d239a24471355!8m2!3d48.8243168!4d2.3659085!16s%2Fg%2F11kqrjk5_w!19sChIJddDbskzqlC4RVRNHJJojjUQ?authuser=0&hl=fr&rclk=1,,,,"{""Ouvert · Ferme à 19"": ""00""}",indépendant,,,,,,,,,,scraped
Cabinet J. Raimon Agence immobilière Paris 13eme Arrondissement,cabinet-j-raimon-agence-immobiliere-paris-13eme-arrondissement,"
96 Av. d'Italie, 75013 Paris",google_maps,,"
01 45 88 77 95",,https://www.jeanraimon.com/fr,https://www.google.com/maps/place/Cabinet+J.+Raimon+Agence+immobili%C3%A8re+Paris+13eme+Arrondissement/data=!4m7!3m6!1s0x47e671858c9ac819:0xebe306ceed817512!8m2!3d48.8253992!4d2.3571791!16s%2Fg%2F1vn17vg5!19sChIJGciajIVx5kcREnWB7c4G4-s?authuser=0&hl=fr&rclk=1,,,,"{""Ouvre bientôt · 14"": ""00""}",indépendant,,,,,,,,,,scraped
Vente Immobilière PARIS,vente-immobiliere-paris,"
17 Rue de Domrémy, 75013 Paris",google_maps,,"
07 83 56 58 88",,,https://www.google.com/maps/place/Vente+Immobili%C3%A8re+PARIS/data=!4m7!3m6!1s0x47e673387faac1d5:0xb8f9bf281bb1542c!8m2!3d48.830242!4d2.3729211!16s%2Fg%2F11j74k43lh!19sChIJ1cGqfzhz5kcRLFSxGyi_-bg?authuser=0&hl=fr&rclk=1,,,,,indépendant,,,,,,,,,,scraped
Immobilière 3F ( siège social),immobiliere-3f-siege-social,"
159 Rue Nationale, 75013 Paris",google_maps,,"
01 40 77 15 15",,https://www.immobiliere-3f-paris.fr/,https://www.google.com/maps/place/Immobili%C3%A8re+3F+%28+si%C3%A8ge+social%29/data=!4m7!3m6!1s0x47e6718a4638c8b5:0x2945ac76e0209acf!8m2!3d48.8321339!4d2.3626405!16s%2Fg%2F1tdw2sqb!19sChIJtcg4Ropx5kcRz5og4HasRSk?authuser=0&hl=fr&rclk=1,,,,"{""Ouvre bientôt · 14"": ""00""}",indépendant,,,,,,,,,,scraped
ICF Habitat La Sablière Direction Territoriale Paris Seine Bièvre,icf-habitat-la-sabliere-direction-territoriale-paris-seine-bievre,"
83/85 Bd Vincent Auriol CS 41533, 75646 Paris Cedex 13",google_maps,,"
01 82 88 45 63",,https://www.icfhabitat.fr/groupe/icf-habitat-la-sabliere,https://www.google.com/maps/place/ICF+Habitat+La+Sabli%C3%A8re+Direction+Territoriale+Paris+Seine+Bi%C3%A8vre/data=!4m7!3m6!1s0x47e67220370c3017:0x8dc99a878fa2180f!8m2!3d48.8344635!4d2.36736!16s%2Fg%2F11btm09qdr!19sChIJFzAMNyBy5kcRDxiij4eayY0?authuser=0&hl=fr&rclk=1,,,,"{""Fermé · Ouvre à 08"": ""30 ven.""}",indépendant,,,,,,,,,,scraped
